<?xml version="1.0" encoding="UTF-8"?>
<project-private xmlns="http://www.netbeans.org/ns/project-private/1">
    <editor-bookmarks xmlns="http://www.netbeans.org/ns/editor-bookmarks/2" lastBookmarkId="0"/>
    <open-files xmlns="http://www.netbeans.org/ns/projectui-open-files/2">
        <group>
            <file>file:/C:/Users/Aachal/Documents/NetBeansProjects/Inventory%20Management%20System%20Project/src/inventory/management/system/project/InventoryManagementSystemProject.java</file>
            <file>file:/C:/Users/Aachal/Documents/NetBeansProjects/Inventory%20Management%20System%20Project/src/ManageCategory.java</file>
            <file>file:/C:/Users/Aachal/Documents/NetBeansProjects/Inventory%20Management%20System%20Project/src/common/OpenPdf.java</file>
            <file>file:/C:/Users/Aachal/Documents/NetBeansProjects/Inventory%20Management%20System%20Project/src/dao/ConnectionProvider.java</file>
            <file>file:/C:/Users/Aachal/Documents/NetBeansProjects/Inventory%20Management%20System%20Project/src/ManageUser.java</file>
            <file>file:/C:/Users/Aachal/Documents/NetBeansProjects/Inventory%20Management%20System%20Project/src/LoginPage.java</file>
            <file>file:/C:/Users/Aachal/Documents/NetBeansProjects/Inventory%20Management%20System%20Project/src/HomePage.java</file>
            <file>file:/C:/Users/Aachal/Documents/NetBeansProjects/Inventory%20Management%20System%20Project/src/ManageCustomer.java</file>
            <file>file:/C:/Users/Aachal/Documents/NetBeansProjects/Inventory%20Management%20System%20Project/src/ManageOrder.java</file>
            <file>file:/C:/Users/Aachal/Documents/NetBeansProjects/Inventory%20Management%20System%20Project/src/dao/InventoryUtils.java</file>
            <file>file:/C:/Users/Aachal/Documents/NetBeansProjects/Inventory%20Management%20System%20Project/src/dao/tables.java</file>
            <file>file:/C:/Users/Aachal/Documents/NetBeansProjects/Inventory%20Management%20System%20Project/src/ManageProduct.java</file>
        </group>
    </open-files>
</project-private>
